<scene>	
	<group>
		<models>
			<model file="cone.3d" />
		</models>	
	</group>
	<group>
		<scale X=2 Y=2 Z=2 />
		<rotate angle=90 axisX=0 axisY=0 axisZ=1 />
		<translate X=-40 Y=0 Z=0 />
		<models>
			<model file="cone.3d" />
		</models>	
	</group>
	<group>
		<rotate angle=90 axisX=0 axisY=0 axisZ=1 />
		<translate X=80 Y=0 Z=-50 />
		<models>
			<model file="box.3d" />
		</models>
	</group>

	<group>
		<translate X=80 Y=0 Z=-50 />
		<rotate angle=90 axisX=0 axisY=0 axisZ=1 />
		<models>
			<model file="box.3d" />
		</models>
	</group>
</scene>