<scene>
	<!-- Sun -->
	<group>
		<scale X=15 Y=15 Z=15 />
		<models>
			<model file="sphere.3d" />
		</models>
		<!-- Mercury -->
		<group>
			<scale X=0.1 Y=0.1 Z=0.1 />
			<translate X=18 Y=0 Z=0 />
			<rotate angle=150 axisX=0 axisY=1 axisZ=0 />
			<models>
				<model file="sphere.3d" />
			</models>
		</group>

		<!-- Venus -->
		<group>
			<scale X=0.2333 Y=0.2333 Z=0.2333 />
			<translate X=25 Y=0 Z=0 />
			<rotate angle=330 axisX=0 axisY=1 axisZ=0 />
			<models>
				<model file="sphere.3d" />
			</models>
		</group>
		<!-- Earth -->
		<group>
			<scale X=0.2666 Y=0.2666 Z=0.2666 />
			<translate X=37 Y=0 Z=0 />
			<rotate angle=120 axisX=0 axisY=1 axisZ=0 />
			<models>
				<model file="sphere.3d" />
			</models>
			<!-- Earth Moon -->
			<group>
				<scale X=0.1875 Y=0.1875 Z=0.1875 />
				<translate X=40 Y=2 Z=0 />
				<rotate angle=120 axisX=0 axisY=1 axisZ=0 />
				<models>
					<model file="sphere.3d" />
				</models>
			</group>
		</group>
		<!-- Mars -->
		<group>
			<scale X=0.2 Y=0.2 Z=0.2 />
			<translate X=46 Y=0 Z=0 />
			<rotate angle=315 axisX=0 axisY=1 axisZ=0 />
			<models>
				<model file="sphere.3d" />
			</models>
		</group>
		<!-- Jupiter -->
		<group>
			<scale X=0.5333 Y=0.5333 Z=0.5333 />
			<translate X=65 Y=0 Z=0 />
			<rotate angle=240 axisX=0 axisY=1 axisZ=0 />
			<models>
				<model file="sphere.3d" />
			</models>

			<!-- Io (Jupiter Moon) -->
			<group>
				<scale X=0.09375 Y=0.09375 Z=0.09375 />
				<translate X=75 Y=2 Z=0 />
				<rotate angle=240 axisX=0 axisY=1 axisZ=0 />
				<models>
					<model file="sphere.3d" />
				</models>
			</group>

			<!-- Ganímedes (Jupiter Moon) -->
			<group>
				<scale X=0.135 Y=0.135 Z=0.135 />
				<translate X=55 Y=2 Z=0 />
				<rotate angle=240 axisX=0 axisY=1 axisZ=0 />
				<models>
					<model file="sphere.3d" />
				</models>
			</group>
			<!-- Europa (Jupiter Moon) -->
			<group>
				<scale X=0.08 Y=0.08 Z=0.08 />
				<translate X=75 Y=-2 Z= 10 />
				<rotate angle=240 axisX=0 axisY=1 axisZ=0 />
				<models>
					<model file="sphere.3d" />
				</models>
			</group>
		</group>
		<!-- Saturn -->
		<group>
			<group>
				<scale X=0.3333 Y=0.3333 Z=0.3333 />
				<translate X=85 Y=0 Z=0 />
				<rotate angle=180 axisX=0 axisY=1 axisZ=0 />
				<models>
					<model file="sphere.3d" />
				</models>
				<!-- Lapetuus (Saturn Moon) -->
				<group>
					<scale X=0.06 Y=0.06 Z=0.06 />
					<translate X=3000 Y=2 Z=0 />
					<rotate angle=180 axisX=0 axisY=1 axisZ=0 />
					<models>
						<model file="sphere.3d" />
					</models>
				</group>
				<!-- Titan (Saturn Moon) -->
				<group>
					<scale X=0.21 Y=0.21 Z=0.21 />
					<translate X=95 Y=6 Z=0 />
					<rotate angle=180 axisX=0 axisY=1 axisZ=0 />
					<models>
						<model file="sphere.3d" />
					</models>
				</group>
				<!-- Enceladus (Saturn Moon) -->
				<group>
					<scale X=0.02 Y=0.02 Z=0.02 />
					<translate X=80 Y=0 Z=30 />
					<rotate angle=180 axisX=0 axisY=1 axisZ=0 />
					<models>
						<model file="sphere.3d" />
					</models>
				</group>
			</group>
			<group>
				<scale X=0.6 Y=0.06666 Z=0.6 />
				<translate X=85 Y=0 Z=0 />
				<rotate angle=180 axisX=0 axisY=1 axisZ=0 />
				<models>
					<model file="disc.3d" />
				</models>
			</group>

		</group>
		<!-- Uranus -->
		<group>
			<scale X=0.4 Y=0.4 Z=0.4 />
			<translate X=103 Y=0 Z=0 />
			<rotate angle=45 axisX=0 axisY=1 axisZ=0 />
			<models>
				<model file="sphere.3d" />
			</models>

			<!-- Miranda (Uranus Moon) -->
			<group>
				<scale X=0.01666 Y=0.01666 Z=0.01666 />
				<translate X=110 Y=2 Z=0 />
				<rotate angle=45 axisX=0 axisY=1 axisZ=0 />
				<models>
					<model file="sphere.3d" />
				</models>
			</group>
			<!-- Oberon (Uranus Moon) -->
			<group>
				<scale X=0.05 Y=0.05 Z=0.05 />
				<translate X=88 Y=2 Z=0 />
				<rotate angle=40 axisX=0 axisY=1 axisZ=0 />
				<models>
					<model file="sphere.3d" />
				</models>
			</group>
			<!-- Umbriel (Uranus Moon) -->
			<group>
				<scale X=0.05 Y=0.05 Z=0.05 />
				<translate X=83 Y=2 Z=0 />
				<rotate angle=45 axisX=0 axisY=1 axisZ=0 />
				<models>
					<model file="sphere.3d" />
				</models>
			</group>
		</group>
		<!-- Neptune -->
		<group>
			<scale X=0.4 Y=0.4 Z=0.4 />
			<translate X=121 Y=0 Z=0 />
			<rotate angle=270 axisX=0 axisY=1 axisZ=0 />
			<models>
				<model file="sphere.3d" />
			</models>

			<!-- Triton (Neptune Moon) -->
			<group>
				<scale X=0.09166 Y=0.09166 Z=0.09166 />
				<translate X=128 Y=3 Z=0 />
				<rotate angle=270 axisX=0 axisY=1 axisZ=0 />
				<models>
					<model file="sphere.3d" />
				</models>
			</group>
		</group>
	</group>
</scene>
