<scene>
        <group>
                <models>
                        <model file="cone.3d" />
                </models>
        </group>
        <group>
                <scale X=20 Y=20 Z=20 />
		<translate X=1 Y=0 Z=0 />
		<rotate time=10 axisX=0 axisY=1 axisZ=0 />
                <models>
                        <model file="teapot.3d" />
                </models>
        </group>
        <group>
                <rotate angle=90 axisX=0 axisY=0 axisZ=1 />
                <translate X=80 Y=0 Z=-50 />
                <models>
                        <model file="box.3d" />
                </models>
        </group>

        <group>
                <translate X=80 Y=0 Z=-50 />
                <rotate angle=90 axisX=0 axisY=0 axisZ=1 />
                <models>
                        <model file="box.3d" />
                </models>
        </group>
</scene>
~           
