<scene>
  <lights>
    <light type = "DIRECTIONAL" X=15 Y=0 Z=0 />
  </lights>
  <group>
    <scale X=0.5 Y=0.5 Z=0.5/>
    <models>
      <model file="sphere2.3d" texture="earthmap1k.jpg" slices=100 stacks=100 type="sphere" specG=0.4 specB=0.4 specR=0.4 diffR=0.2 diffB=0.2 diffG=0.2/>
    </models>
  </group>
  <group>
    <translate Z=-30 />	  
    <scale X=0.5 Y=0.5 Z=0.5/>
    <models>
      <model file="sphere2.3d" texture="earthmap1k.jpg" slices=100 stacks=100 type="sphere" specG=0.4 specB=0.4 specR=0.4 diffR=0.2 diffB=0.2 diffG=0.2/>
    </models>
 </group>
 <group>
    <translate Z=-60 />
    <scale X=0.5 Y=0.5 Z=0.5/>
    <models>
      <model file="sphere2.3d" texture="earthmap1k.jpg" slices=100 stacks=100 type="sphere" specG=0.4 specB=0.4 specR=0.4 diffR=0.2 diffB=0.2 diffG=0.2/>
    </models>
 </group>
</scene>
