<scene>
	<lights>
        <light type = "POINT" X=0 Y=0 Z=0 />
    </lights>
	<!-- Sun -->
	<group>
		<models>
			<model file="sphere.3d" emR=0.8 emG=0.8 emB=0.8  texture="sunmap.jpg" slices=50 stacks=50 type="sphere" />
		</models>
		<!-- Mercury -->
		<group>
			<translate time=8 >
				<point X=28 Y=0 Z=0 />
				<point X=20 Y=0 Z=20 />
				<point X=0 Y=0 Z=28 />
				<point X=-20 Y=0 Z=20 />
				<point X=-28 Y=0 Z=0 />
				<point X=-20 Y=0 Z=-20 />
				<point X=0 Y=0 Z=-28 />
				<point X=20 Y=0 Z=-20 />
			</translate>
			<rotate time=57 axisX=0 axisY=1 axisZ=0 />
			<scale X=0.0361 Y=0.0361 Z=0.0361 />
			<models>
				<model file="sphere.3d" texture="mercurymap.jpg" slices=50 stacks=50 type="sphere" />
			</models>
		</group>

		<!-- Venus -->
		<group>
			<translate time=22>
				<point X=24.75 Y=0 Z=-24.75 />
				<point X=35 Y=0 Z=0 />
				<point X=24.75 Y=0 Z=24.75 />
				<point X=0 Y=0 Z=35 />
				<point X=-24.75 Y=0 Z=24.75 />
				<point X=-35 Y=0 Z=0 />
				<point X=-24.75 Y=0 Z=-24.75 />
				<point X=0 Y=0 Z=-35 />
			</translate>
			<rotate time=243 axisX=0 axisY=1 axisZ=0 />
			<scale X=0.0885 Y=0.0885 Z=0.0885 />
			<models>
				<model file="sphere.3d" texture="venusmap.jpg" slices=50 stacks=50 type="sphere" />
			</models>
		</group>
		<!-- Earth -->
		<group>
			<translate time=36>
				<point X=-31.82 Y=0 Z=-31.82 />
				<point X=0 Y=0 Z=-45 />
				<point X=31.82 Y=0 Z=-31.82 />
				<point X=45 Y=0 Z=0 />
				<point X=31.82 Y=0 Z=31.82 />
				<point X=0 Y=0 Z=45 />
				<point X=-31.82 Y=0 Z=31.82 />
				<point X=-45 Y=0 Z=0 />
			</translate>
			<rotate time=1 axisX=0 axisY=1 axisZ=0 />
			<scale X=0.09259 Y=0.09259 Z=0.09259 />
			<models>
				<model file="sphere.3d" texture="earthmap1k.jpg" slices=50 stacks=50 type="sphere" />
			</models>
			<!-- Earth Moon -->
			<group>
				<scale X=0.1875 Y=0.1875 Z=0.1875 />
				<!-- translate X=-250 Y=20 Z=0 /> -->
				<translate time=1.15>
					<point X=-250 Y=0 Z=0 />
					<point X=-176.77 Y=0 Z=-176.77 />
					<point X=0 Y=0 Z=-250 />
					<point X=176.77 Y=0 Z=-176.77 />
					<point X=250 Y=0 Z=0 />
					<point X=176.77 Y=0 Z=176.77 />
					<point X=0 Y=0 Z=250 />
					<point X=-176.77 Y=0 Z=176.77 />
				</translate>
				<rotate angle=120 axisX=0 axisY=1 axisZ=0 />
				<models>
					<model file="sphere.3d" texture="2k_moon.jpg" slices=50 stacks=50 type="sphere" />
				</models>
			</group>
		</group>
		<!-- Mars -->
		<group>
			<translate time=68>
				<point X=-57 Y=0 Z=0 />
				<point X=-40.31 Y=0 Z=-40.31 />
				<point X=0 Y=0 Z=-57 />
				<point X=40.31 Y=0 Z=-40.31 />
				<point X=57 Y=0 Z=0 />
				<point X=40.31 Y=0 Z=40.31 />
				<point X=0 Y=0 Z=57 />
				<point X=-40.31 Y=0 Z=40.31 />
			</translate>
			<rotate time=1.01 axisX=0 axisY=1 axisZ=0 />
			<scale X=0.04808 Y=0.04808 Z=0.04808 />
			<models>
				<model file="sphere.3d" texture="mars_1k_color.jpg" slices=50 stacks=50 type="sphere" />
			</models>
		</group>
		<!-- Jupiter -->
		<group>
			<translate time=250>
				<point X=-60.10 Y=0 Z=60.10 />
				<point X=-85 Y=0 Z=0 />
				<point X=-60.10 Y=0 Z=-60.10 />
				<point X=0 Y=0 Z=-85 />
				<point X=60.10 Y=0 Z=-60.10 />
				<point X=85 Y=0 Z=0 />
				<point X=60.10 Y=0 Z=60.10 />
				<point X=0 Y=0 Z=85 />
			</translate>
			<rotate time=0.45 axisX=0 axisY=1 axisZ=0 />
			<scale X=0.6 Y=0.6 Z=0.6 />
			<models>
				<model file="sphere.3d" texture="jupitermap.jpg" slices=50 stacks=50 type="sphere" />
			</models>

			<!-- Io (Jupiter Moon) -->
			<group>
				<scale X=0.09375 Y=0.09375 Z=0.09375 />
				<!--translate X=400 Y=60 Z=0 /-->
				<translate time=0.49>
					<point X=400 Y=70 Z=0 />
					<point X=282.84 Y=70 Z=282.84 />
					<point X=0 Y=70 Z=400 />
					<point X=-282.84 Y=70 Z=282.84 />
					<point X=-400 Y=70 Z=0 />
					<point X=-282.84 Y=70 Z=-282.84 />
					<point X=0 Y=70 Z=-400 />
					<point X=282.84 Y=70 Z=-282.84 />
				</translate>
				<rotate angle=240 axisX=0 axisY=1 axisZ=0 />
				<models>
					<model file="sphere.3d" />
				</models>
			</group>

			<!-- Ganímedes (Jupiter Moon) -->
			<group>
				<scale X=0.135 Y=0.135 Z=0.135 />
				<translate time=0.51>
					<point X=-235 Y=0 Z=0 />
					<point X=-166.17 Y=0 Z=-166.17 />
					<point X=0 Y=0 Z=-235 />
					<point X=166.17 Y=0 Z=-166.17 />
					<point X=235 Y=0 Z=0 />
					<point X=166.17 Y=0 Z=166.17 />
					<point X=0 Y=0 Z=235 />
					<point X=-166.17 Y=0 Z=166.17 />
				</translate>
				<!--translate X=-230 Y=70 Z=50 /-->
				<rotate angle=240 axisX=0 axisY=1 axisZ=0 />
				<models>
					<model file="sphere.3d" />
				</models>
			</group>
			<!-- Europa (Jupiter Moon) -->
			<group>
				<scale X=0.08 Y=0.08 Z=0.08 />
				<translate time=0.5>
					<point X=0 Y=-90 Z=400 />
					<point X=-282.84 Y=-90 Z=282.84 />
					<point X=-400 Y=-90 Z=0 />
					<point X=-282.84 Y=-90 Z=-282.84 />
					<point X=0 Y=-90 Z=-400 />
					<point X=282.84 Y=-90 Z=-282.84 />
					<point X=400 Y=-90 Z=0 />
					<point X=282.84 Y=-90 Z=282.84 />
				</translate>
				<!--translate X=-310 Y=-50 Z= -100 /-->
				<rotate angle=240 axisX=0 axisY=1 axisZ=0 />
				<models>
					<model file="sphere.3d" />
				</models>
			</group>
		</group>
		<!-- Saturn -->
		<group>
		 	<translate time=550>
				<point X=0 Y=0 Z=130 />
				<point X=-91.92 Y=0 Z=91.92 />
				<point X=-130 Y=0 Z=0 />
				<point X=-91.92 Y=0 Z=-91.92 />
				<point X=0 Y=0 Z=-130 />
				<point X=91.92 Y=0 Z=-91.92 />
				<point X=130 Y=0 Z=0 />
				<point X=91.92 Y=0 Z=91.92 />
			</translate>
			<rotate time=0.46 axisX=0 axisY=1 axisZ=0 />
			<scale X=0.5 Y=0.5 Z=0.5 />
			<models>
				<model file="sphere.3d" texture="saturnmap.jpg" slices=50 stacks=50 type="sphere" />
			</models>
			<!-- Lapetuus (Saturn Moon) -->
			<group>
				<scale X=0.06 Y=0.06 Z=0.06 />
				<!--translate X=650 Y=-100 Z=40 /-->
				<translate time=0.5>
					<point X=650 Y=-100 Z=0 />
					<point X=459.62 Y=-100 Z=459.62 />
					<point X=0 Y=-100 Z=650 />
					<point X=-459.62 Y=-100 Z=459.62 />
					<point X=-650 Y=-100 Z=0 />
					<point X=-459.62 Y=-100 Z=-459.62 />
					<point X=0 Y=-100 Z=-650 />
					<point X=459.62 Y=-100 Z=-459.62 />
				</translate>
				<rotate angle=180 axisX=0 axisY=1 axisZ=0 />
				<models>
					<model file="sphere.3d" />
				</models>
			</group>
			<!-- Titan (Saturn Moon) -->
			<group>
				<scale X=0.21 Y=0.21 Z=0.21 />
				<!--translate X=-150 Y=50 Z=-30 /-->
				<translate time=0.5>
					<point X=-106.07 Y=50 Z=-106.07 />
					<point X=0 Y=50 Z=-150 />
					<point X=106.07 Y=50 Z=-106.07 />
					<point X=150 Y=50 Z=0 />
					<point X=106.07 Y=50 Z=106.07 />
					<point X=0 Y=50 Z=150 />
					<point X=-106.07 Y=50 Z=106.07 />
					<point X=-150 Y=50 Z=0 />
				</translate>
				<rotate angle=180 axisX=0 axisY=1 axisZ=0 />
				<models>
					<model file="sphere.3d" />
				</models>
			</group>
			<!-- Enceladus (Saturn Moon) -->
			<group>
				<scale X=0.02 Y=0.02 Z=0.02 />
				<!-- <translate X=2050 Y=500 Z=30 /> -->
				<translate time=0.5>
					<point X=1449.57 Y=500 Z=1449.57 />
					<point X=0 Y=500 Z=2050 />
					<point X=-1449.57 Y=500 Z=1449.57 />
					<point X=-2050 Y=500 Z=0 />
					<point X=-1449.57 Y=500 Z=-1449.57 />
					<point X=0 Y=500 Z=-2050 />
					<point X=1449.57 Y=500 Z=-1449.57 />
					<point X=2050 Y=500 Z=0 />
				</translate>
				<rotate angle=180 axisX=0 axisY=1 axisZ=0 />
				<models>
					<model file="sphere.3d" />
				</models>
			</group>
			<group>
				<scale X=45 Y=45 Z=45 />
				<models>
					<model file="disc.3d" ambR=0.8/>
				</models>
			</group>

		</group>
		<!-- Uranus -->
		<group>
			<translate time=450>
				<point X=113.14 Y=0 Z=113.14 />
				<point X=0 Y=0 Z=160 />
				<point X=-113.14 Y=0 Z=113.14 />
				<point X=-160 Y=0 Z=0 />
				<point X=-113.14 Y=0 Z=-113.14 />
				<point X=0 Y=0 Z=-160 />
				<point X=113.14 Y=0 Z=-113.14 />
				<point X=160 Y=0 Z=0 />
			</translate>
			<rotate time=0.7 axisX=0 axisY=1 axisZ=0 />
			<scale X=0.37313 Y=0.37313 Z=0.37313 />
			<models>
				<model file="sphere.3d" texture="uranusmap.jpg" slices=50 stacks=50 type="sphere" />
			</models>

			<!-- Miranda (Uranus Moon) -->
			<group>
				<scale X=0.01666 Y=0.01666 Z=0.01666 />
				<!-- <translate X=1900 Y=-500 Z=0 /> -->
				<translate time=0.75>
					<point X=1343.5 Y=500 Z=1343.5 />
					<point X=0 Y=500 Z=1900 />
					<point X=-1343.5 Y=500 Z=1343.5 />
					<point X=-1900 Y=500 Z=0 />
					<point X=-1343.5 Y=500 Z=-1343.5 />
					<point X=0 Y=500 Z=-1900 />
					<point X=1343.5 Y=500 Z=-1343.5 />
					<point X=1900 Y=500 Z=0 />
				</translate>
				<rotate angle=45 axisX=0 axisY=1 axisZ=0 />
				<models>
					<model file="sphere.3d" />
				</models>
			</group>
			<!-- Oberon (Uranus Moon) -->
			<group>
				<scale X=0.05 Y=0.05 Z=0.05 />
				<!-- <translate X=-600 Y=150 Z=0 /> -->
				<translate time=0.75>
					<point X=424.26 Y=150 Z=424.26 />
					<point X=0 Y=150 Z=600 />
					<point X=-424.26 Y=150 Z=424.26 />
					<point X=-600 Y=150 Z=0 />
					<point X=-424.26 Y=150 Z=-424.26 />
					<point X=0 Y=150 Z=-600 />
					<point X=424.26 Y=150 Z=-424.26 />
					<point X=600 Y=150 Z=0 />
				</translate>
				<rotate angle=40 axisX=0 axisY=1 axisZ=0 />
				<models>
					<model file="sphere.3d" />
				</models>
			</group>
			<!-- Umbriel (Uranus Moon) -->
			<group>
				<scale X=0.05 Y=0.05 Z=0.05 />
				<!-- <translate X=600 Y=2 Z=200 /> -->
				<translate time=0.75>
					<point X=-424.26 Y=0 Z=-424.26 />
					<point X=0 Y=0 Z=-600 />
					<point X=424.26 Y=0 Z=-424.26 />
					<point X=600 Y=0 Z=0 />
					<point X=424.26 Y=0 Z=424.26 />
					<point X=0 Y=0 Z=600 />
					<point X=-424.26 Y=0 Z=424.26 />
					<point X=-600 Y=0 Z=0 />
				</translate>
				<rotate angle=200 axisX=0 axisY=1 axisZ=0 />
				<models>
					<model file="sphere.3d" />
				</models>
			</group>
		</group>
		<!-- Comet -->
		<group>
			 <translate time=1000>
				<point X=170 Y=0 Z=0 />
				<point X=123.14 Y=0 Z=73.14 />
				<point X=0 Y=0 Z=100 />
				<point X=-123.14 Y=0 Z=73.14 />
				<point X=-170 Y=0 Z=0 />
				<point X=-123.14 Y=0 Z=-73.14 />
				<point X=0 Y=0 Z=-100 />
				<point X=123.14 Y=0 Z=-73.14 />
			</translate>
		     <rotate time=100 axisX=0 axisY=1 axisZ=0 />
		     <scale X=0.3 Y=0.3 Z=0.3 />
		     <models>
           		 <model file="cometa.3d" diffR=0.2 diffG=0.8 diffB=0.2 />
		     </models>
		</group>

		<!-- Neptune -->
		<group>
			<translate time=475>
				<point X=200 Y=0 Z=0 />
				<point X=141.42 Y=0 Z=141.42 />
				<point X=0 Y=0 Z=200 />
				<point X=-141.42 Y=0 Z=141.42 />
				<point X=-200 Y=0 Z=0 />
				<point X=-141.42 Y=0 Z=-141.42 />
				<point X=0 Y=0 Z=-200 />
				<point X=141.42 Y=0 Z=-141.42 />
			</translate>
			<rotate time=0.65 axisX=0 axisY=1 axisZ=0 />
			<scale X=0.36101 Y=0.36101 Z=0.36101 />
			<models>
				<model file="sphere.3d" texture="neptunemap.jpg" slices=50 stacks=50 type="sphere" />
			</models>

			<!-- Triton (Neptune Moon) -->
			<group>
				<scale X=0.09166 Y=0.09166 Z=0.09166 />
				<!-- <translate X=380 Y=3 Z=0 /> -->
				<translate time=0.7>
					<point X=268.7 Y=0 Z=268.7 />
					<point X=0 Y=0 Z=380 />
					<point X=-268.7 Y=0 Z=268.7 />
					<point X=-380 Y=0 Z=0 />
					<point X=-268.7 Y=0 Z=-268.7 />
					<point X=0 Y=0 Z=-380 />
					<point X=268.7 Y=0 Z=-268.7 />
					<point X=380 Y=0 Z=0 />
				</translate>
				<rotate angle=270 axisX=0 axisY=1 axisZ=0 />
				<models>
					<model file="sphere.3d" />
				</models>
			</group>
		</group>
	</group>
</scene>
